{"sessionId":"3f062dbad6a24b699a800fdda9874f25","tntId":"3f062dbad6a24b699a800fdda9874f25.37_0","offers":[{"responseTokens":{"experience.id":"0","activity.name":"[Ayaz]ICA_EN_Desktop","activity.id":"290364","experience.name":"Experience A","profile.visitCount":"1"},"actions":[{"action":"insertAfter","selector":"DIV.flight-section:eq(0) > FORM.flight-search-container:eq(0) > DIV.flex-cols:eq(0)","content":"<table style=\"height: 40px; width: 100%; border-color: #FDE8D5; background-color: #fde8d5;\" id=\"action_insert_15954936385671879\"><tbody><tr style=\"height: 40px;\"><td style=\"width: 15px; height: 40px; vertical-align: middle;\">&nbsp;&nbsp;<span style=\"color: #ff6600;\">ⓘ&nbsp;</span>&nbsp;</td><td style=\"width: 650px; height: 40px; vertical-align: middle;\"><span style=\"color: #4e4c4a;\"><strong>Important:</strong> COVID-19 guidelines and restrictions for your destination. </span> <a title=\"Read more\" href=\"https://www.etihad.com/en/travel-updates/all-destinations-travel-guides\" target=\"_blank\" rel=\"noopener\">Read now</a></td></tr></tbody></table>","cssSelector":"#flightsearch > DIV:nth-of-type(1) > FORM:nth-of-type(1) > DIV:nth-of-type(4)"}]},{"responseTokens":{"experience.id":"0","activity.name":"[Ayaz]ICA_EN_Desktop","activity.id":"290364","experience.name":"Experience A","profile.visitCount":"1"},"actions":[{"action":"insertAfter","selector":"#flightsearch_copy > DIV.flight-section:eq(0) > FORM.flight-search-container:eq(0) > DIV.flex-cols:eq(0) > DIV.col:eq(1) > DIV.col_right:eq(0)","content":"<p id=\"action_insert_15957650844132125\">&nbsp;</p>","cssSelector":"#flightsearch_copy > DIV:nth-of-type(1) > FORM:nth-of-type(1) > DIV:nth-of-type(4) > DIV:nth-of-type(2) > DIV:nth-of-type(1)"}]},{"actions":[{"action":"trackClick","selector":"#action_insert_15954936385671879 > TBODY:nth-of-type(1) > TR:nth-of-type(1) > TD:nth-of-type(2) > A:nth-of-type(1)","clickTrackId":"32767.290364"}]}]}