{"d_mid":"31792678445830147073658447768017664572","id_sync_ttl":604800,"d_blob":"j8Odv6LonN4r3an7LhD3WZrU1bUpAkFkkiY1ncBR96t2PTI","dcs_region":6,"d_ottl":7200,"ibs":[{"id":"411","ttl":10080,"tag":"img","fireURLSync":1,"syncOnPage":1,"url":["//cm.everesttech.net/cm/dd?d_uuid=31768954241385067663660568948520569089"]},{"id":"771","ttl":20160,"tag":"img","fireURLSync":0,"syncOnPage":0,"url":["https://cm.g.doubleclick.net/pixel?google_nid=adobe_dmp&google_cm&gdpr=0&gdpr_consent=&google_hm=MzE3Njg5NTQyNDEzODUwNjc2NjM2NjA1Njg5NDg1MjA1NjkwODk="]},{"id":"903","ttl":10080,"tag":"img","fireURLSync":0,"syncOnPage":0,"url":["https://match.adsrvr.org/track/cmf/generic?ttd_pid=aam&gdpr=0&gdpr_consent=&ttd_tpi=1"]},{"id":"22069","ttl":10080,"tag":"img","fireURLSync":0,"syncOnPage":0,"url":["https://tag.yieldoptimizer.com/ps/ps?t=i&p=2233"]}],"subdomain":"etihadairways","tid":"fhbHOr1rQAU="}