{"bundledFlightDateFormat":"ddd, DD MMM YY","cabinClassesExclusion":{"business":[],"economy":[],"first":[],"residence":[]},"consumingOldShoppingService":false,"dateFormat":"DD/MM/YYYY","dealIcon":{"showWhenDiscounted":true,"showWhenNegotiated":false},"defaultSortColumn":["stops","price"],"defaultSortEnabled":true,"defaultSortOrder":"asc","departureDateDisplayPosition":"header","disableCabinWhenAllOffersAreDisabled":true,"displayAllReturnFlights":false,"displayBookingClass":false,"displayBrandBonusBundled":false,"displayDayAdvisories":true,"displayFareAdvisories":true,"displayGlobalAdvisories":true,"displayLayoverInformationForBundledFlights":true,"displayLayoverInformationForUnbundledFlights":false,"displayOffersBy":"cabin","displayPricePrefixForAdditionalLeg":false,"displayPricePrefixForOneWay":false,"displayPricePrefixForOutbound":false,"displayRichMedia":false,"displayRowAdvisories":true,"displaySoldOutOffer":{"brand":false,"cabin":false},"displayTotalWithoutDiscount":true,"excludedPassengerTypesForRequiredPoints":["INF","INS"],"fareTypesWithoutDealIcon":[],"filterTimeLabelsFormat":"hh:mm A","filters":{"airlinesEnabled":false,"airportsEnabled":false,"arrivalEnabled":true,"departureEnabled":true,"durationEnabled":true,"priceEnabled":true,"stopsEnabled":true},"filtersEnabled":true,"flightDepartureDateFormat":"ddd Do MMM","flightResultsLazyLoading":{"increment":8,"isEnabled":false},"guestContactCentreLink":"https://www.google.com","header":{"dateFormat":"ddd DD MMM"},"isMinRequiredPointsForAllPassengers":false,"isOriginalItineraryExpandedByDefault":true,"operatingCarrierDefaultSortPriority":"EY","operatingCarrierDefaultSortSecondarySort":"departure","priceJump":{"displayType":"lowest"},"seatMapPreviewEnabled":false,"seatsRemaining":{"display":true,"displayInOffers":true,"displayWhenSeatsLeft":7,"limitedAvailability":false},"shouldDisplayPointsBalance":true,"shouldDisplayTravelBankBalance":true,"shouldRenderExploreDestinationImage":false,"showBrandAmenitiesMobile":true,"showItineraryPartTotal":false,"showPriceOnButton":false,"showPromoCodeSuccessMessage":true,"showPromoCodeWarningMessage":true,"showSeatsRemainingOnCabinOffers":false,"showWarnings":true,"sortPopoverEnabled":true,"sortingOptions":["departure-asc","arrival-asc","stops-asc","duration-asc","economy-asc","business-asc","first-asc","price-asc"],"useDynamicRetailerOffers":true,"cabinBookingClassMapping":{"P":"Residence"},"cabinClass":{"residence":{"allowedBookingClasses":["P"],"maxNumberOfPax":2}},"cabinMapping":{"TR":"residence"},"dynamicDisclaimers":[{"translation":"GBAdvisory","criteriaConditions":"all","origins":["GB"],"hasViewMoreToggle":false}],"rbePriceDisplayFormat":"POINTS_OR_CASH","isCrossBrandFilterEnabled":false,"isInterlineBrandEnabled":false}