{"alternateSeatMap":false,"blankSlots":["door"],"blockedSeatSelection":{"aisle":[],"exit":["CHD"]},"collapsePassengerList":false,"columnCode":{"AISLE":"aisle","FUSELAGE":"fuselage","LEFT_SIDE":"left-side","RIGHT_SIDE":"right-side"},"displayDayAdvisories":true,"displayGenericReassociationMessage":true,"displayGlobalAdvisories":true,"displayOverlayForSeats":["center","aisle","window"],"displayRowNumber":true,"displaySeatNumber":false,"exitSeatCondition":["exit","exit-paid-0","exit-paid-1","exit-paid-2","exit-paid-3","exit-paid-4","exit-paid-5","exit-paid-6"],"facilities":["galley","lavatory","closet","prayer-room","bar","stairs","shower","lounge","bassinet"],"imageOverlaySortOrder":["exit-paid-6","exit-paid-5","exit-paid-4","exit-paid-3","exit-paid-2","exit-paid-1","exit-paid-0","exit","extra-legroom-paid-5","extra-legroom-paid-3","extra-legroom-paid-2","extra-legroom-paid-1","extra-legroom-paid-0","extra-legroom","premium-paid-5","premium-paid-4","premium-paid-3","premium-paid-2","premium-paid-1","premium-paid-0","premium","selectable","non-selectable"],"legend":{"isExpandedModeEnabled":false,"sticky":{"breakpoint":9999999,"offset":0}},"legendPriority":["exit-paid-6","exit-paid-5","exit-paid-4","exit-paid-3","exit-paid-2","exit-paid-1","exit-paid-0","exit","extra-legroom-paid-5","extra-legroom-paid-3","extra-legroom-paid-2","extra-legroom-paid-1","extra-legroom-paid-0","extra-legroom","premium-paid-5","premium-paid-4","premium-paid-3","premium-paid-2","premium-paid-1","premium-paid-0","premium","free-seat","rear-facing","non-selectable"],"legendSeatCharacteristics":{"B":"bassinet","CH":"premium","EXIT":"exit","EXIT_ROW":"exit-row","J":"rear-facing","NON_SELECTABLE":"non-selectable","SELECTABLE":"selectable","L":"extra-legroom"},"legendSortOrder":["non-selectable","rear-facing","free-seat","premium-paid-0","premium-paid-1","premium-paid-2","premium-paid-3","premium-paid-4","premium-paid-5","extra-legroom","extra-legroom-paid-0","extra-legroom-paid-1","extra-legroom-paid-2","extra-legroom-paid-3","extra-legroom-paid-4","extra-legroom-paid-5","exit","exit-paid-0","exit-paid-1","exit-paid-2","exit-paid-3","exit-paid-4","exit-paid-5","exit-paid-6"],"nonExitSeatCheckList":["selectable","premium","premium-paid-0","premium-paid-1","premium-paid-2","premium-paid-3","premium-paid-4","premium-paid-5"],"passengerAutoAdvance":true,"passengersExcludedFromSeatSelection":["INF"],"renderFloor":true,"renderWings":true,"seatBundles":{"displaySeatBundlesOnSeatSelection":false,"enabled":false},"seatCharacteristics":{"9":"center","A":"aisle","B":"bassinet","CH":"premium","E":"exit-row","J":"rear-facing","LA":"lavatory","O":"preferential","V":"vacant","W":"window","L":"extra-legroom"},"seatOverlay":{"displayOverlayVideo":false,"imgExtension":"jpg","seatOverlayImgSrc":"seat-overlay-img","seatOverlayVideoSrc":"promo","useCharacteristicsForImagesAndVideos":true,"videoExtension":"mp4"},"seatOverlaySortOrder":["exit-paid-1","exit-paid-0","exit","premium-paid-5","premium-paid-4","premium-paid-3","premium-paid-2","premium-paid-1","premium-paid-0","non-selectable"],"showProceedToNextFlightOverlay":true,"showSeatSelectionAlert":true,"skipToNextPageOnError":false,"slotCharacteristics":{"EXIT":"exit","EXIT_ROW":"exit-row","LEFT_SIDE":"left-side","RIGHT_SIDE":"right-side","WING_BEGIN":"wing-begin","WING_END":"wing-end"},"slotCode":{"AISLE":"aisle","BAR":"bar","BLANK":"blank","BULKHEAD":"bulkhead","CLOSET":"closet","DOOR":"door","FUSELAGE":"fuselage","GALLEY":"galley","LAVATORY":"lavatory","LOUNGE":"lounge","PRAYER_ROOM":"prayer-room","SEAT":"seat","SHOWER":"shower","STAIRS":"stairs","WING":"wing","BASSINET":"bassinet"},"timeBeforeDeparture":0,"timeBeforeDepartureFormat":"minute","videoOverlaySortOrder":["exit-paid-0","premium-paid-0"],"allowedOperatingCarriers":["EY"],"expandFacilities":true,"expandSeats":true,"infantInLapPassengerType":"INF","passengersTypesWithInfant":["ADT","YTH"],"limitations":{"hasInfant":["NOT_ALLOWED_FOR_INFANT"]}}