{"1":{"BS":{"cancellations-pre":"cancellations-pre.ref","description":"description.BS","flightChanges":"flightChanges.free","handBaggageAllowance":{"amount":2,"weight":"32kg"}},"FI":{"additional":["priorityCheckIn","loungeAccess","chauffeurService"],"changes":"firstChangeFree","handBaggageAllowance":{"amount":2,"weight":"12kg"},"milesEarned":"miles.portion","refunds":"fee"},"FL":{"cancellations-pre":"cancellations-pre.ref","description":"description.FL","flightChanges":"flightChanges.free","handBaggageAllowance":{"amount":1,"weight":"23kg"}},"GF":{"additional":["priorityCheckIn","loungeAccess","chauffeurService"],"changes":"firstChangeFree","handBaggageAllowance":{"amount":2,"weight":"12kg"},"milesEarned":"miles.portion","refunds":"fee"},"GJ":{"additional":["priorityCheckIn","loungeAccess","chauffeurService"],"changes":"firstChangeFree","handBaggageAllowance":{"amount":2,"weight":"12kg"},"milesEarned":"miles.portion","refunds":"fee"},"GY":{"changes":"firstChangeFree","handBaggageAllowance":{"amount":1,"weight":"7kg"},"milesEarned":"miles.portion","refunds":"fee"},"HR":{"changes":"none","handBaggageAllowance":{"amount":1,"weight":"7kg"},"milesEarned":"miles.25","refunds":"none"},"JB":{"additional":["priorityCheckIn","loungeAccess"],"changes":"none","handBaggageAllowance":{"amount":2,"weight":"12kg"},"milesEarned":"miles.115","refunds":"none"},"JF":{"additional":["upgradable","priorityCheckIn","loungeAccess","chauffeurService"],"changes":"free","handBaggageAllowance":{"amount":2,"weight":"12kg"},"milesEarned":"miles.175","refunds":"free"},"JS":{"additional":["upgradable","priorityCheckIn","loungeAccess","chauffeurService"],"changes":"fee","handBaggageAllowance":{"amount":2,"weight":"12kg"},"milesEarned":"miles.130","refunds":"fee"},"LB":{"changes":"none","handBaggageAllowance":{"amount":1,"weight":"7kg"},"milesEarned":"miles.25","refunds":"none"},"MB":{"changes":"none","handBaggageAllowance":{"amount":1,"weight":"7kg"},"milesEarned":"miles.25","refunds":"none"},"RS":{"cancellations-pre":"cancellations-pre.non-ref","description":"description.RS","flightChanges":"flightChanges.342","handBaggageAllowance":{"amount":1,"weight":"23kg"}},"YB":{"changes":"none","handBaggageAllowance":{"amount":1,"weight":"7kg"},"milesEarned":"miles.25","refunds":"none"},"YF":{"additional":["upgradable","priorityCheckIn"],"changes":"free","handBaggageAllowance":{"amount":1,"weight":"7kg"},"milesEarned":"miles.100","refunds":"free"},"YI":{"additional":["priorityCheckIn","loungeAccess","chauffeurService"],"changes":"free","handBaggageAllowance":{"amount":2,"weight":"12kg"},"milesEarned":"miles.250","refunds":"free"},"YS":{"additional":["upgradable"],"changes":"fee","handBaggageAllowance":{"amount":1,"weight":"7kg"},"milesEarned":"miles.50","refunds":"none"},"YV":{"additional":["upgradable"],"changes":"fee","handBaggageAllowance":{"amount":1,"weight":"7kg"},"milesEarned":"miles.75","refunds":"fee"},"legend":[{"icon":"icon-suitcase","title":"handBaggageAllowance"},{"icon":"icon-airplane-depart","title":"milesEarned"},{"icon":"icon-airplane-depart","title":"changes"},{"icon":"icon-credit-card","title":"refunds"},[{"icon":"icon-airplane-depart","title":"upgradable"},{"icon":"icon-airplane-depart","title":"priorityCheckIn"},{"icon":"icon-cocktail","title":"loungeAccess"},{"icon":"icon-car-rental","title":"chauffeurService"}]]},"default":{"BS":{"cancellations-pre":"cancellations-pre.ref","description":"description.BS","flightChanges":"flightChanges.free","handBaggageAllowance":{"amount":2,"weight":"32kg"}},"EV":{"changes":"none","handBaggageAllowance":{"amount":1,"weight":"10kg"},"milesEarned":"miles.50","refunds":"none"},"FD":{"additional":[{"textValue":false,"title":"priorityCheckIn"},{"textValue":true,"title":"entertainment"}],"cancellations-pre":"cancellations-pre.ref","changes":"free","flightChanges":"flightChanges.free","handBaggageAllowance":{"amount":2,"weight":"32kg"},"milesEarned":"miles.100","refunds":"cancellations-pre.50"},"FI":{"additional":["priorityCheckIn","loungeAccess","chauffeurService"],"changes":"firstChangeFree","handBaggageAllowance":{"amount":2,"weight":"12kg"},"milesEarned":"miles.portion","refunds":"fee"},"FL":{"cancellations-pre":"cancellations-pre.ref","description":"description.FL","flightChanges":"flightChanges.free","handBaggageAllowance":{"amount":1,"weight":"23kg"}},"GF":{"additional":["priorityCheckIn","loungeAccess","chauffeurService"],"changes":"firstChangeFree","handBaggageAllowance":{"amount":2,"weight":"12kg"},"milesEarned":"miles.portion","refunds":"fee"},"GJ":{"additional":["priorityCheckIn","loungeAccess","chauffeurService"],"changes":"firstChangeFree","handBaggageAllowance":{"amount":2,"weight":"12kg"},"milesEarned":"miles.portion","refunds":"fee"},"GW":{"changes":"none","handBaggageAllowance":{"amount":1,"weight":"7kg"},"milesEarned":"miles.25","refunds":"none"},"GY":{"changes":"firstChangeFree","handBaggageAllowance":{"amount":1,"weight":"7kg"},"milesEarned":"miles.portion","refunds":"fee"},"HR":{"changes":"none","handBaggageAllowance":{"amount":1,"weight":"7kg"},"milesEarned":"miles.25","refunds":"none"},"JB":{"additional":["priorityCheckIn","loungeAccess"],"changes":"none","handBaggageAllowance":{"amount":2,"weight":"12kg"},"milesEarned":"miles.115","refunds":"none"},"JF":{"additional":["upgradable","priorityCheckIn","loungeAccess","chauffeurService"],"changes":"free","handBaggageAllowance":{"amount":2,"weight":"12kg"},"milesEarned":"miles.175","refunds":"free"},"JS":{"additional":["upgradable","priorityCheckIn","loungeAccess","chauffeurService"],"changes":"fee","handBaggageAllowance":{"amount":2,"weight":"12kg"},"milesEarned":"miles.130","refunds":"fee"},"LB":{"changes":"none","handBaggageAllowance":{"amount":1,"weight":"7kg"},"milesEarned":"miles.25","refunds":"none"},"MB":{"changes":"none","handBaggageAllowance":{"amount":1,"weight":"7kg"},"milesEarned":"miles.25","refunds":"none"},"RS":{"cancellations-pre":"cancellations-pre.non-ref","description":"description.RS","flightChanges":"flightChanges.342","handBaggageAllowance":{"amount":1,"weight":"23kg"}},"YB":{"changes":"none","handBaggageAllowance":{"amount":1,"weight":"7kg"},"milesEarned":"miles.25","refunds":"none"},"YF":{"additional":["upgradable","priorityCheckIn"],"changes":"free","handBaggageAllowance":{"amount":1,"weight":"7kg"},"milesEarned":"miles.100","refunds":"free"},"YI":{"additional":["priorityCheckIn","loungeAccess","chauffeurService"],"changes":"free","handBaggageAllowance":{"amount":2,"weight":"12kg"},"milesEarned":"miles.250","refunds":"free"},"YS":{"additional":["upgradable"],"changes":"fee","handBaggageAllowance":{"amount":1,"weight":"7kg"},"milesEarned":"miles.50","refunds":"none"},"YV":{"additional":["upgradable"],"changes":"fee","handBaggageAllowance":{"amount":1,"weight":"7kg"},"milesEarned":"miles.75","refunds":"fee"},"legend":[{"icon":"icon-suitcase","title":"handBaggageAllowance"},{"icon":"icon-airplane-depart","title":"milesEarned"},{"icon":"icon-airplane-depart","title":"changes"},{"icon":"icon-credit-card","title":"refunds"},[{"icon":"icon-airplane-depart","title":"priorityCheckIn"},{"icon":"icon-video","title":"entertainment"}]]},"marketingTextLanguage":"en_US"}