{
  "AE": [
    "AAN",
    "AUH",
    "DXB",
    "XNB",
    "ZVH"
  ],
  "AO": [
    "LAD"
  ],
  "AT": [
    "GGZ",
    "GRZ",
    "IOB",
    "KGV",
    "LNZ",
    "POK",
    "SZG",
    "VIE",
    "XGZ",
    "XWC",
    "ZSB"
  ],
  "AU": [
    "ABX",
    "ADL",
    "ASP",
    "AYQ",
    "BME",
    "BNE",
    "BNK",
    "CBR",
    "CFS",
    "CNJ",
    "CNS",
    "DRW",
    "EMD",
    "HBA",
    "HTI",
    "HVB",
    "ISA",
    "KGI",
    "LST",
    "MCY",
    "MEL",
    "MKY",
    "MQL",
    "NTL",
    "OOL",
    "PER",
    "PPP",
    "PQQ",
    "ROK",
    "SYD",
    "TMW",
    "TSV",
    "ZNE",
	"KTA",
	"PHE",
	"KNX"
  ],
  "BD": [
    "DAC",
	"CGP",
	"ZYL"
  ],
  "BE": [
    "BRU",
    "KNO",
    "ZYR"
  ],
  "BF": [
    "OUA"
  ],
  "BH": [
    "BAH"
  ],
  "BI": [
    "BJM"
  ],
  "BJ": [
    "COO"
  ],
  "BR": [
    "BSB",
    "CGB",
    "CWB",
    "FLN",
    "FOR",
    "GIG",
    "GRU",
    "IGU",
    "JDO",
    "POA",
    "REC",
    "SSA"
  ],
  "BW": [
    "GBE"
  ],
  "CA": [
    "YEG",
    "YHZ",
    "YOW",
    "YQB",
    "YQM",
    "YQR",
    "YTW",
    "YUL",
    "YVR",
    "YWG",
    "YXE",
    "YXU",
    "YYC",
    "YYJ",
    "YYT",
    "YYZ",
	"YMM",
	"YQT",
	"YLW",
	"YYG",
	"YGK",
	"YKA",
	"YQU",
	"YQY",
	"YXS",
	"YXJ",
	"YXT",
	"YXX",
	"YXY",
	"YZF",
	"YBR",
	"YCD",
	"YDF",
	"YQQ"
  ],
  "CD": [
    "FIH",
    "FBM",
    "GOM"
  ],
  "CF": [
    "BGF"
  ],
  "CG": [
    "PNR",
    "BZV"
  ],
  "CH": [
    "BSL",
    "GVA",
    "ZRH"
  ],
  "CI": [
    "ABJ"
  ],
  "CM": [
    "NSI",
    "DLA"
  ],
  "CN": [
    "CAN",
    "CSX",
    "CTU",
    "DLC",
    "KHH",
    "KMG",
    "PEK",
    "PVG",
    "SHE",
    "SZX",
    "TAO",
    "XIY",
	"PKX",
	"XMN",
	"BJS"
	
  ],
  "DE": [
    "BER",
    "BRE",
    "CGN",
    "DRS",
    "DTM",
    "DUS",
    "FDH",
    "FMO",
    "FRA",
    "GWT",
    "HAJ",
    "HAM",
    "LEJ",
    "MUC",
    "NUE",
    "QYG",
    "STR",
    "TXL",
    "XIT",
    "ZAQ",
    "ZMB",
    "ZVR",
    "ZWS",
	"ZMU",
	"QDU",
	"QKL"
  ],
  "DJ": [
    "JIB"
  ],
  "DK": [
    "AAR",
    "BLL",
    "CPH",
	"AAL"
  ],
  "EG": [
    "CAI",
    "HBE",
	"SSH",
	"ASW",
	"ATZ",
	"HMB",
	"HRG",
	"LXR",
	"RMF"
  ],
  "ER": [
    "ASM"
  ],
  "ES": [
    "ACE",
    "AGP",
    "ALC",
    "BCN",
    "BIO",
    "FUE",
    "IBZ",
    "LCG",
    "LPA",
    "MAD",
    "PMI",
    "SPC",
    "TFS",
    "VGO",
    "VLC",
	"SVQ",
	"OVD",
	"SCQ",
	"MAH",
	"TFN"
  ],
  "ET": [
    "ADD",
    "AMH",
    "ASO",
    "AWA",
    "AXU",
    "BJR",
    "DEM",
    "DIR",
    "DSE",
    "GDE",
    "GDQ",
    "GMB",
    "GOB",
    "HUE",
    "JIJ",
    "JIM",
    "LLI",
    "MQX",
    "SHC",
    "SZE"
  ],
  "FI": [
    "HEL",
    "TKU",
    "VAA"
  ],
  "FJ": [
    "NAN"
  ],
  "FR": [
    "BOD",
    "CDG",
    "LYS",
    "MRS",
    "NCE",
    "PAR",
    "QJZ",
    "TLS",
    "XDB",
    "XPJ",
    "XRF",
    "XWG",
    "XYD",
    "ZFQ",
	"QXB",
	"QXG",
	"XHK",
	"XIZ",
	"XOP",
	"XSH",
	"XZI",
	"XZN",
	"ZFJ",
	"ZLN",
	"ZYN"
  ],
  "GA": [
    "LBV"
  ],
  "GB": [
    "ABZ",
    "BHD",
    "BHX",
    "BRS",
    "CWL",
    "DSA",
    "EDI",
    "EMA",
    "EXT",
    "GLA",
    "LBA",
    "LCY",
    "LGW",
    "LHR",
    "LON",
    "MAN",
    "MME",
    "NCL",
    "NQY",
    "SOU",
	"GCI",
	"SEN",
	"BEB",
	"HUY",
	"BPR",
	"CFW",
	"EXS",
	"GLO",
	"OXQ",
	"PCW",
	"PLH",
	"PZE",
	"QQP",
	"QQX",
	"SWS",
	"TPB",
	"TTY",
	"UBW",
	"USX",
	"XNE",
	"XWS",
	"LXC",
	"ZMP",
	"ZLZ",
	"ZFC",
	"BOH",
	"BSH",
	"CBG",
	"CHW",
	"CLB",
	"CVT",
	"QEW",
	"LTN",
	"KYN",
	"NWI",
	"ZGB",
	"OXF",
	"POQ",
	"RNW",
	"STN",
	"WNC",
	"XRE"
  ],
  "GH": [
    "ACC"
  ],
  "GN": [
    "CKY"
  ],
  "GU": [
    "GUM"
  ],
  "GQ": [
    "SSG"
  ],
  "HK": [
    "HKG"
  ],
  "ID": [
    "BPN",
    "CGK",
    "DPS",
    "KNO",
    "LOP",
    "MDC",
    "PDG",
    "PKU",
    "PLM",
    "SOC",
    "SRG",
    "SUB",
    "UPG"
  ],
  "IE": [
    "CFN",
    "DUB",
    "KIR",
    "NOC",
    "ORK",
    "SNN"
  ],
  "IL": [
    "TLV"
  ],
  "IN": [
    "AMD",
    "BLR",
    "BOM",
    "CCJ",
    "CCU",
    "COK",
    "DEL",
    "HYD",
    "MAA",
    "TRV",
	"LKO",
	"VTZ",
	"VNS",
	"PAT",
	"PNQ",
	"JAI",
	"GOI",
	"ATQ",
	"BDQ",
	"NAG",
	"IXE",
	"IDR",
	"BHO",
	"GAU",
	"VGA"
  ],
  "IT": [
    "AHO",
    "AOI",
    "BDS",
    "BLQ",
    "BRI",
    "CAG",
    "CTA",
    "FCO",
    "FLR",
    "GOA",
    "LIN",
    "LMP",
    "MXP",
    "NAP",
    "PMO",
    "PNL",
    "PSA",
    "REG",
    "ROM",
    "SUF",
    "TPS",
    "TRN",
    "TRS",
    "VCE",
    "VRN",
	"BGY",
	"BAU",
	"BQD",
	"CTJ",
	"FOI",
	"IBT",
	"INP",
	"LCZ",
	"TXB",
	"XIK",
	"XVY",
	"ZMS",
	"TPY",
	"IMR"
  ],
  "JP": [
    "CTS",
    "FUK",
    "ITM",
    "KIJ",
    "KIX",
    "KMI",
    "KOJ",
    "NGO",
    "NRT",
    "OKA",
    "SDJ"
  ],
  "JO": [
    "AMM"
  ],
  "KE": [
    "KIS",
    "MBA",
    "NBO"
  ],
  "KH": [
    "PNH",
    "REP"
  ],
  "KM": [
    "HAH"
  ],
  "KR": [
    "ICN",
    "PUS"
  ],
  "KW": [
    "KWI"
  ],
  "KZ": [
    "ALA",
    "TSE",
	"UKK",
	"PWQ",
	"NQZ"
  ],
  "LA": [
    "LPQ",
    "VTE"
  ],
  "LB": [
    "BEY"
  ],
  "LK": [
    "CMB"
  ],
  "LR": [
    "MLW"
  ],
  "LY": [
    "BEN"
  ],
  "MG": [
    "TNR"
  ],
  "ML": [
    "BKO"
  ],
  "MM": [
    "MDL",
    "NYT",
    "RGN"
  ],
  "MV": [
    "MLE",
	"GAN"
  ],
  "MW": [
    "BLZ",
    "LLW"
  ],
  "MY": [
    "AOR",
    "BKI",
    "BTU",
    "JHB",
    "KBR",
    "KCH",
    "KUL",
    "LBU",
    "LGK",
    "MYY",
    "PEN",
    "TGG",
    "TWU"
  ],
  "MZ": [
    "APL",
    "MPM",
    "TET"
  ],
  "NA": [
    "WDH"
  ],
  "NE": [
    "NIM"
  ],
  "NG": [
    "ABV",
    "ENU",
    "KAD",
    "KAN",
    "LOS"
  ],
  "NL": [
    "AMS",
    "HAG",
    "RTM"
  ],
  "NO": [
    "AES",
    "BGO",
    "KRS",
    "OSL",
    "SVG",
    "TRD",
    "TRF",
	"HAU",
	"TOS"	
  ],
  "NP": [
    "KTM"
  ],
  "NZ": [
    "AKL",
    "CHC",
    "DUD",
    "ROT",
    "WLG",
    "ZQN"
  ],
  "OM": [
    "MCT",
    "SLL"
  ],
  "PH": [
    "BCD",
    "BXU",
    "CBO",
    "CEB",
    "CGY",
    "DGT",
    "DPL",
    "DVO",
    "GES",
    "ILO",
    "KLO",
    "LAO",
    "LGP",
    "MNL",
    "OZC",
    "PPS",
    "RXS",
    "TAC",
    "TAG",
    "ZAM"
  ],
  "PK": [
    "ISB",
    "KHI",
    "LHE",
    "LYP",
    "MUX",
    "PEW",
	"SKT",
	"SKZ",
	"CJL",
	"MJD",
	"UET",
	"TUK",
	"RYK"
  ],
  "PT": [
    "FAO",
    "FNC",
    "LIS",
    "OPO",
    "PDL",
    "PXO",
    "SMA",
	"TER"
  ],
  "QA": [
    "DOH"
  ],
  "RW": [
    "KGL"
  ],
  "SA": [
    "DMM",
    "DMS",
    "JED",
    "MED",
    "RUH",
	"BHH"
  ],
  "SC": [
    "PRI",
    "SEZ"
  ],
  "SD": [
    "KRT",
	"PZU"
  ],
  "SE": [
    "ARN",
    "BMA",
    "GOT",
    "LLA",
    "MMA",
    "OSD",
    "SDL",
    "SFT",
    "STO",
    "UME"
	
	  ],
  "SG": [
    "SIN"
  ],
  "SL": [
    "FNA"
  ],
  "SN": [
    "DKR",
    "DSS"
  ],
  "SO": [
    "HGA",
    "BBO"
  ],
  "SS": [
    "JUB",
    "MAK"
  ],
  "TD": [
    "NDJ"
  ],
  "TG": [
    "LFW"
  ],
  "TH": [
    "BKK",
    "CEI",
    "CNX",
    "HKT",
    "KBV",
    "LPT",
    "TDX",
    "THS",
    "USM",
	"UTP"
  ],
  "TZ": [
    "DAR",
    "JRO",
    "ZNZ",
	"MWZ",
	"MYW",
	"PMA",
	"ARK",
	"BKZ"
  ],
  "UE": [
    "AUH",
    "DXB",
    "AAN",
    "XNB"
  ],
  "UG": [
    "EBB"
  ],
  "US": [
    "ABQ",
    "ACK",
    "ALB",
    "ALO",
    "ATL",
    "AUS",
    "AZO",
    "BDL",
    "BHM",
    "BLD",
    "BMI",
    "BNA",
    "BOS",
    "BTV",
    "BUF",
    "BWI",
    "CAE",
    "CHI",
    "CHO",
    "CHS",
    "CID",
    "CLE",
    "CLT",
    "CMH",
    "CMI",
    "COS",
    "COU",
    "CRW",
    "CVG",
    "CWA",
    "DAL",
    "DAY",
    "DBQ",
    "DCA",
    "DEN",
    "DFW",
    "DSM",
    "DTW",
    "ELP",
    "EUG",
    "EVV",
    "EWR",
    "FAR",
    "FAT",
    "FLL",
    "FNT",
    "FSD",
    "FWA",
    "GRB",
    "GRR",
    "GSO",
    "GSP",
    "HNL",
    "HOU",
    "HPN",
    "HSV",
    "IAD",
    "IAH",
    "ICT",
    "IND",
    "JAX",
    "JFK",
    "LAS",
    "LAX",
    "LEX",
    "LGA",
    "LIT",
    "LSE",
    "MCI",
    "MCO",
    "MDT",
    "MEM",
    "MHK",
    "MIA",
    "MKE",
    "MLI",
    "MQT",
    "MSN",
    "MSP",
    "MSY",
    "MVY",
    "NYC",
    "OAK",
    "OKC",
    "OMA",
    "ORD",
    "ORF",
    "PBI",
    "PDX",
    "PHL",
    "PHX",
    "PIA",
    "PIT",
    "PVD",
    "PWM",
    "RDU",
    "RIC",
    "RNO",
    "ROA",
    "ROC",
    "RST",
    "RSW",
    "SAN",
    "SAT",
    "SAV",
    "SCE",
    "SDF",
    "SEA",
    "SFO",
    "SGF",
    "SJC",
    "SLC",
    "SMF",
    "SNA",
    "SRQ",
    "STL",
    "SUX",
    "SYR",
    "TOL",
    "TPA",
    "TUL",
    "TUS",
    "TVC",
    "TYS",
    "WAS",
    "XNA",
	"HYA",
	"ONT",
	"ORH",
	"PSP",
	"DAB",
	"BUR"
  ],
  "VN": [
    "DAD",
    "HAN",
    "ISB",
    "KHI",
    "LHE",
    "MUX",
    "PEW",
    "SGN",
	"CXR",
	"PQC"
  ],
  "YE": [
    "SAH"
  ],
  "ZA": [
    "CPT",
    "DUR",
    "GRJ",
    "JNB",
    "PLZ",
	"ELS"
  ],
  "ZM": [
    "LUN",
    "NLA",
	"LVI"
  ],
  "ZW": [
    "HRE",
    "VFA"
  ],
  "AL": [
    "TIA"
  ],
  "AM": [
    "EVN"
  ],
  "AR": [
    "EZE",
	"ROS",
	"SLA",
	"MDQ",
	"BRC",
	"COR",
	"IGR",
	"MDZ",
	"USH"
  ],
  "AZ": [
    "GYD"
  ],
  "BA": [
    "BNX",
    "SJJ"
  ],
  "BG": [
    "SOF"
  ],
  "BN": [
    "BWN"
  ],
  "BY": [
    "MSQ"
  ],
  "CL": [
    "SCL"
  ],
  "CO": [
    "BOG",
	"CLO",
	"MDE"
  ],
  "CV": [
    "RAI",
	"SID"
  ],
  "CY": [
    "ECN",
    "LCA"
  ],
  "CZ": [
    "PRG"
  ],
  "DO": [
    "SDQ"
  ],
  "DZ": [
    "ALG"
  ],
  "EE": [
    "TLL"
  ],
  "GR": [
    "ATH",
    "AXD",
    "CFU",
    "CHQ",
    "HER",
    "IOA",
    "JKH",
    "JMK",
    "JTR",
    "KGS",
    "KVA",
    "LXS",
    "MJT",
    "RHO",
    "SKG",
    "SMI",
	"EFL"
  ],
  "HR": [
    "DBV",
    "PUY",
    "SPU",
    "ZAG"
  ],
  "HU": [
    "BUD"
  ],
  "IM": [
    "IOM"
  ],
  "IS": [
    "KEF"
  ],
  "JE": [
    "JER"
  ],
  "LT": [
    "VNO",
	"PLQ"
  ],
  "LU": [
    "LUX"
  ],
  "LV": [
    "RIX"
  ],
  "MA": [
    "AGA",
    "CMN",
    "RAK",
    "RBA",
    "TNG"
  ],
  "ME": [
    "TGD",
    "TIV"
  ],
  "MK": [
    "SKP"
  ],
  "MT": [
    "MLA"
  ],
  "MU": [
    "MRU"
  ],
  "MX": [
    "CUN",
    "MEX"
  ],
  "NC": [
    "NOU"
  ],
  "PL": [
    "GDN",
    "KRK",
    "WAW",
    "WRO"
  ],
  "PY": [
    "ASU"
  ],
  "RO": [
    "OTP",
	"CLJ"
  ],
  "RS": [
    "BEG"
  ],
  "AF": [
    "KBL"
  ],
  "RU": [
    "AER",
    "CEK",
    "DME",
    "GOJ",
    "KGD",
    "KJA",
    "KRR",
    "KUF",
    "KZN",
    "LED",
    "LPK",
    "NUX",
    "OMS",
    "OVB",
    "PEE",
    "PEZ",
    "ROV",
    "RTW",
    "SVO",
    "SVX",
    "UFA",
    "VKO",
    "VOG",
    "VOZ",
    "ZIA",
	"ADA",
	"AAQ",
	"ABA",
	"BAX",
	"EGO",
	"KEJ",
	"MMK",
	"NJC",
	"NOZ",
	"NYM",
	"RGK",
	"TOF",
	"MOW"	
  ],
  "SI": [
    "LJU"
  ],
  "GW": [
    "OXB"
  ],
  "IQ": [
    "BGW",
	"NJF"
  ],
  "TN": [
    "TUN"
  ],
  "PE": [
    "LIM"
  ],
  "TR": [
    "ADA",
    "ADB",
    "AYT",
    "BJV",
    "GZT",
    "IST"
  ],
  "TW": [
    "KHH",
    "RMQ",
    "TPE"
  ],
  "UA": [
    "HRK",
    "IEV",
    "KBP",
    "ODS",
    "SIP"
  ]
}