{"baggage":{"fiValues":"50KG","gfValues":"50KG","gjValues":"40KG","gyValues":"30KG","header":"@STAN|custom.js.FlightsResultsPage.BrandedFare.BaggageAllowance||@STAN|custom.js.FlightsResultsPage.BrandedFare.BaggageAllowance.SubHeader","isEnabled":{"business":true,"economy":true,"first":true,"residence":true},"jbValues":"40KG","jfValues":"40KG","jsValues":"40KG","trValues":"4PC x 32KG","ybValues":"0PC","yfValues":"35KG","ysValues":"0PC","yvValues":"30KG","attributePosition":"5"},"brandBasedAttribute1":{"fiValues":"@STAN|custom.js.FlightsResultsPage.BrandedFare.InfoNotAvailable","gfValues":"@STAN|custom.js.FlightsResultsPage.BrandedFare.InfoNotAvailable","gjValues":"@STAN|custom.js.FlightsResultsPage.BrandedFare.InfoNotAvailable","gyValues":"@STAN|custom.js.FlightsResultsPage.BrandedFare.InfoNotAvailable","header":"@STAN|custom.js.FlightsResultsPage.BrandedFare.InfoNotAvailable","isEnabled":{"business":false,"economy":false,"first":false,"residence":false},"jbValues":"@STAN|custom.js.FlightsResultsPage.BrandedFare.InfoNotAvailable","jfValues":"@STAN|custom.js.FlightsResultsPage.BrandedFare.InfoNotAvailable","jsValues":"@STAN|custom.js.FlightsResultsPage.BrandedFare.InfoNotAvailable","trValues":"@STAN|custom.js.FlightsResultsPage.BrandedFare.InfoNotAvailable","ybValues":"@STAN|custom.js.FlightsResultsPage.BrandedFare.InfoNotAvailable","yfValues":"@STAN|custom.js.FlightsResultsPage.BrandedFare.InfoNotAvailable","ysValues":"@STAN|custom.js.FlightsResultsPage.BrandedFare.InfoNotAvailable","yvValues":"@STAN|custom.js.FlightsResultsPage.BrandedFare.InfoNotAvailable","attributePosition":""},"brandBasedAttribute2":{"fiValues":"@STAN|custom.js.FlightsResultsPage.BrandedFare.InfoNotAvailable","gfValues":"@STAN|custom.js.FlightsResultsPage.BrandedFare.InfoNotAvailable","gjValues":"@STAN|custom.js.FlightsResultsPage.BrandedFare.InfoNotAvailable","gyValues":"@STAN|custom.js.FlightsResultsPage.BrandedFare.InfoNotAvailable","header":"@STAN|custom.js.FlightsResultsPage.BrandedFare.InfoNotAvailable","isEnabled":{"business":false,"economy":false,"first":false,"residence":false},"jbValues":"@STAN|custom.js.FlightsResultsPage.BrandedFare.InfoNotAvailable","jfValues":"@STAN|custom.js.FlightsResultsPage.BrandedFare.InfoNotAvailable","jsValues":"@STAN|custom.js.FlightsResultsPage.BrandedFare.InfoNotAvailable","trValues":"@STAN|custom.js.FlightsResultsPage.BrandedFare.InfoNotAvailable","ybValues":"@STAN|custom.js.FlightsResultsPage.BrandedFare.InfoNotAvailable","yfValues":"@STAN|custom.js.FlightsResultsPage.BrandedFare.InfoNotAvailable","ysValues":"@STAN|custom.js.FlightsResultsPage.BrandedFare.InfoNotAvailable","yvValues":"@STAN|custom.js.FlightsResultsPage.BrandedFare.InfoNotAvailable","attributePosition":""},"changeNoShow":{"fiValues":{"changeable":"@STAN|custom.js.FlightsResultsPage.BrandedFare.ChangeNoShow.Yes","charge":"INR 6000","isChangeable":true},"gfValues":{"changeable":"@STAN|custom.js.FlightsResultsPage.BrandedFare.ChangeNoShow.No","charge":"","isChangeable":false},"gjValues":{"changeable":"@STAN|custom.js.FlightsResultsPage.BrandedFare.ChangeNoShow.No","charge":"","isChangeable":false},"gyValues":{"changeable":"@STAN|custom.js.FlightsResultsPage.BrandedFare.ChangeNoShow.No","charge":"","isChangeable":false},"header":"@STAN|custom.js.FlightsResultsPage.BrandedFare.ChangeNoShow","isEnabled":{"business":false,"economy":false,"first":false,"residence":false},"jbValues":{"changeable":"@STAN|custom.js.FlightsResultsPage.BrandedFare.ChangeNoShow.Yes","charge":"INR 20800","isChangeable":true},"jfValues":{"changeable":"@STAN|custom.js.FlightsResultsPage.BrandedFare.ChangeNoShow.Yes","charge":"INR 6000","isChangeable":true},"jsValues":{"changeable":"@STAN|custom.js.FlightsResultsPage.BrandedFare.ChangeNoShow.Yes","charge":"INR 10400","isChangeable":true},"trValues":{"changeable":"@STAN|custom.js.FlightsResultsPage.BrandedFare.ChangeNoShow.Yes","charge":"INR 0","isChangeable":true},"ybValues":{"changeable":"@STAN|custom.js.FlightsResultsPage.BrandedFare.ChangeNoShow.No","charge":"","isChangeable":false},"yfValues":{"changeable":"@STAN|custom.js.FlightsResultsPage.BrandedFare.ChangeNoShow.Yes","charge":"INR 2000","isChangeable":true},"ysValues":{"changeable":"@STAN|custom.js.FlightsResultsPage.BrandedFare.ChangeNoShow.Yes","charge":"INR 13050","isChangeable":true},"yvValues":{"changeable":"@STAN|custom.js.FlightsResultsPage.BrandedFare.ChangeNoShow.Yes","charge":"INR 1500","isChangeable":true},"attributePosition":"3"},"changeTravel":{"fiValues":{"changeable":"@STAN|custom.js.FlightsResultsPage.BrandedFare.ChangeEligibility.Yes","charge":"INR 0","isChangeable":true},"gfValues":{"changeable":"@STAN|custom.js.FlightsResultsPage.BrandedFare.ChangeEligibility.Yes","charge":"AED 0","isChangeable":true},"gjValues":{"changeable":"@STAN|custom.js.FlightsResultsPage.BrandedFare.ChangeEligibility.Yes","charge":"AED 0","isChangeable":true},"gyValues":{"changeable":"@STAN|custom.js.FlightsResultsPage.BrandedFare.ChangeEligibility.Yes","charge":"AED 0","isChangeable":true},"header":"@STAN|custom.js.FlightsResultsPage.BrandedFare.ChangeEligibility","isEnabled":{"business":true,"economy":true,"first":true,"residence":true},"jbValues":{"changeable":"@STAN|custom.js.FlightsResultsPage.BrandedFare.ChangeEligibility.Yes","charge":"INR 8000","isChangeable":true},"jfValues":{"changeable":"@STAN|custom.js.FlightsResultsPage.BrandedFare.ChangeEligibility.Yes","charge":"INR 0","isChangeable":true},"jsValues":{"changeable":"@STAN|custom.js.FlightsResultsPage.BrandedFare.ChangeEligibility.Yes","charge":"INR 4000","isChangeable":true},"trValues":{"changeable":"@STAN|custom.js.FlightsResultsPage.BrandedFare.ChangeEligibility.Yes","charge":"INR 0","isChangeable":true},"ybValues":{"changeable":"@STAN|custom.js.FlightsResultsPage.BrandedFare.ChangeEligibility.No","charge":"","isChangeable":false},"yfValues":{"changeable":"@STAN|custom.js.FlightsResultsPage.BrandedFare.ChangeEligibility.Yes","charge":"INR 0","isChangeable":true},"ysValues":{"changeable":"@STAN|custom.js.FlightsResultsPage.BrandedFare.ChangeEligibility.Yes","charge":"INR 5500","isChangeable":true},"yvValues":{"changeable":"@STAN|custom.js.FlightsResultsPage.BrandedFare.ChangeEligibility.Yes","charge":"INR 0","isChangeable":true},"attributePosition":"1"},"chauffeur":{"fiValues":"@STAN|custom.js.FlightsResultsPage.BrandedFare.Chauffeur.Yes","gfValues":"@STAN|custom.js.FlightsResultsPage.BrandedFare.Chauffeur.No","gjValues":"@STAN|custom.js.FlightsResultsPage.BrandedFare.Chauffeur.No","gyValues":"@STAN|custom.js.FlightsResultsPage.BrandedFare.Chauffeur.No","header":"@STAN|custom.js.FlightsResultsPage.BrandedFare.Chauffeur","isEnabled":{"business":true,"economy":false,"first":true,"residence":true},"jbValues":"@STAN|custom.js.FlightsResultsPage.BrandedFare.Chauffeur.No","jfValues":"@STAN|custom.js.FlightsResultsPage.BrandedFare.Chauffeur.Yes","jsValues":"@STAN|custom.js.FlightsResultsPage.BrandedFare.Chauffeur.Yes","trValues":"@STAN|custom.js.FlightsResultsPage.BrandedFare.Chauffeur.Yes","ybValues":"@STAN|custom.js.FlightsResultsPage.BrandedFare.Chauffeur.No","yfValues":"@STAN|custom.js.FlightsResultsPage.BrandedFare.Chauffeur.No","ysValues":"@STAN|custom.js.FlightsResultsPage.BrandedFare.Chauffeur.No","yvValues":"@STAN|custom.js.FlightsResultsPage.BrandedFare.Chauffeur.No","attributePosition":"0"},"checkIn":{"fiValues":"@STAN|custom.js.FlightsResultsPage.BrandedFare.Priority.Yes","gfValues":"@STAN|custom.js.FlightsResultsPage.BrandedFare.Priority.Yes","gjValues":"@STAN|custom.js.FlightsResultsPage.BrandedFare.Priority.Yes","gyValues":"@STAN|custom.js.FlightsResultsPage.BrandedFare.Priority.No","header":"@STAN|custom.js.FlightsResultsPage.BrandedFare.PriorityCheckin","isEnabled":{"business":false,"economy":true,"first":false,"residence":false},"jbValues":"@STAN|custom.js.FlightsResultsPage.BrandedFare.Priority.Yes","jfValues":"@STAN|custom.js.FlightsResultsPage.BrandedFare.Priority.Yes","jsValues":"@STAN|custom.js.FlightsResultsPage.BrandedFare.Priority.Yes","trValues":"@STAN|custom.js.FlightsResultsPage.BrandedFare.Priority.Yes","ybValues":"@STAN|custom.js.FlightsResultsPage.BrandedFare.Priority.No","yfValues":"@STAN|custom.js.FlightsResultsPage.BrandedFare.Priority.Yes","ysValues":"@STAN|custom.js.FlightsResultsPage.BrandedFare.Priority.No","yvValues":"@STAN|custom.js.FlightsResultsPage.BrandedFare.Priority.No","attributePosition":"0"},"marketBasedAttribute1":{"fiValues":{"isMarketBased1AttributeApplied":false,"marketBased1AttributeApplied":"@STAN|custom.js.FlightsResultsPage.BrandedFare.InfoNotAvailable","marketBased1AttributeValue":""},"gfValues":{"isMarketBased1AttributeApplied":false,"marketBased1AttributeApplied":"@STAN|custom.js.FlightsResultsPage.BrandedFare.InfoNotAvailable","marketBased1AttributeValue":""},"gjValues":{"isMarketBased1AttributeApplied":false,"marketBased1AttributeApplied":"@STAN|custom.js.FlightsResultsPage.BrandedFare.InfoNotAvailable","marketBased1AttributeValue":""},"gyValues":{"isMarketBased1AttributeApplied":false,"marketBased1AttributeApplied":"@STAN|custom.js.FlightsResultsPage.BrandedFare.InfoNotAvailable","marketBased1AttributeValue":""},"header":"@STAN|custom.js.FlightsResultsPage.BrandedFare.InfoNotAvailable","isEnabled":{"business":false,"economy":false,"first":false,"residence":false},"jbValues":{"isMarketBased1AttributeApplied":false,"marketBased1AttributeApplied":"@STAN|custom.js.FlightsResultsPage.BrandedFare.InfoNotAvailable","marketBased1AttributeValue":""},"jfValues":{"isMarketBased1AttributeApplied":false,"marketBased1AttributeApplied":"@STAN|custom.js.FlightsResultsPage.BrandedFare.InfoNotAvailable","marketBased1AttributeValue":""},"jsValues":{"isMarketBased1AttributeApplied":false,"marketBased1AttributeApplied":"@STAN|custom.js.FlightsResultsPage.BrandedFare.InfoNotAvailable","marketBased1AttributeValue":""},"trValues":{"isMarketBased1AttributeApplied":false,"marketBased1AttributeApplied":"@STAN|custom.js.FlightsResultsPage.BrandedFare.InfoNotAvailable","marketBased1AttributeValue":""},"ybValues":{"isMarketBased1AttributeApplied":false,"marketBased1AttributeApplied":"@STAN|custom.js.FlightsResultsPage.BrandedFare.InfoNotAvailable","marketBased1AttributeValue":""},"yfValues":{"isMarketBased1AttributeApplied":false,"marketBased1AttributeApplied":"@STAN|custom.js.FlightsResultsPage.BrandedFare.InfoNotAvailable","marketBased1AttributeValue":""},"ysValues":{"isMarketBased1AttributeApplied":false,"marketBased1AttributeApplied":"@STAN|custom.js.FlightsResultsPage.BrandedFare.InfoNotAvailable","marketBased1AttributeValue":""},"yvValues":{"isMarketBased1AttributeApplied":false,"marketBased1AttributeApplied":"@STAN|custom.js.FlightsResultsPage.BrandedFare.InfoNotAvailable","marketBased1AttributeValue":""},"attributePosition":""},"marketBasedAttribute2":{"fiValues":{"isMarketBased2AttributeApplied":false,"marketBased2AttributeApplied":"@STAN|custom.js.FlightsResultsPage.BrandedFare.InfoNotAvailable","marketBased2AttributeValue":""},"gfValues":{"isMarketBased2AttributeApplied":false,"marketBased2AttributeApplied":"@STAN|custom.js.FlightsResultsPage.BrandedFare.InfoNotAvailable","marketBased2AttributeValue":""},"gjValues":{"isMarketBased2AttributeApplied":false,"marketBased2AttributeApplied":"@STAN|custom.js.FlightsResultsPage.BrandedFare.InfoNotAvailable","marketBased2AttributeValue":""},"gyValues":{"isMarketBased2AttributeApplied":false,"marketBased2AttributeApplied":"@STAN|custom.js.FlightsResultsPage.BrandedFare.InfoNotAvailable","marketBased2AttributeValue":""},"header":"@STAN|custom.js.FlightsResultsPage.BrandedFare.InfoNotAvailable","isEnabled":{"business":false,"economy":false,"first":false,"residence":false},"jbValues":{"isMarketBased2AttributeApplied":false,"marketBased2AttributeApplied":"@STAN|custom.js.FlightsResultsPage.BrandedFare.InfoNotAvailable","marketBased2AttributeValue":""},"jfValues":{"isMarketBased2AttributeApplied":false,"marketBased2AttributeApplied":"@STAN|custom.js.FlightsResultsPage.BrandedFare.InfoNotAvailable","marketBased2AttributeValue":""},"jsValues":{"isMarketBased2AttributeApplied":false,"marketBased2AttributeApplied":"@STAN|custom.js.FlightsResultsPage.BrandedFare.InfoNotAvailable","marketBased2AttributeValue":""},"trValues":{"isMarketBased2AttributeApplied":false,"marketBased2AttributeApplied":"@STAN|custom.js.FlightsResultsPage.BrandedFare.InfoNotAvailable","marketBased2AttributeValue":""},"ybValues":{"isMarketBased2AttributeApplied":false,"marketBased2AttributeApplied":"@STAN|custom.js.FlightsResultsPage.BrandedFare.InfoNotAvailable","marketBased2AttributeValue":""},"yfValues":{"isMarketBased2AttributeApplied":false,"marketBased2AttributeApplied":"@STAN|custom.js.FlightsResultsPage.BrandedFare.InfoNotAvailable","marketBased2AttributeValue":""},"ysValues":{"isMarketBased2AttributeApplied":false,"marketBased2AttributeApplied":"@STAN|custom.js.FlightsResultsPage.BrandedFare.InfoNotAvailable","marketBased2AttributeValue":""},"yvValues":{"isMarketBased2AttributeApplied":false,"marketBased2AttributeApplied":"@STAN|custom.js.FlightsResultsPage.BrandedFare.InfoNotAvailable","marketBased2AttributeValue":""},"attributePosition":""},"milesEarned":{"fiValues":{"codeshare":"275%","etihad":"4683 ||@STAN|custom.js.FlightsResultsPage.BrandedFare.MilesEarned.Miles"},"gfValues":{"codeshare":"@STAN|custom.js.FlightsResultsPage.BrandedFare.MilesEarned.Miles.None","etihad":"@STAN|custom.js.FlightsResultsPage.BrandedFare.MilesEarned.Miles.None"},"gjValues":{"codeshare":"@STAN|custom.js.FlightsResultsPage.BrandedFare.MilesEarned.Miles.None","etihad":"@STAN|custom.js.FlightsResultsPage.BrandedFare.MilesEarned.Miles.None"},"gyValues":{"codeshare":"@STAN|custom.js.FlightsResultsPage.BrandedFare.MilesEarned.Miles.None","etihad":"@STAN|custom.js.FlightsResultsPage.BrandedFare.MilesEarned.Miles.None"},"header":"@STAN|custom.js.FlightsResultsPage.BrandedFare.MilesEarned","isEnabled":{"business":true,"economy":true,"first":true,"residence":true},"jbValues":{"codeshare":"130%","etihad":"2214 ||@STAN|custom.js.FlightsResultsPage.BrandedFare.MilesEarned.Miles"},"jfValues":{"codeshare":"200%","etihad":"3406 ||@STAN|custom.js.FlightsResultsPage.BrandedFare.MilesEarned.Miles"},"jsValues":{"codeshare":"175%","etihad":"2980 ||@STAN|custom.js.FlightsResultsPage.BrandedFare.MilesEarned.Miles"},"trValues":{"codeshare":"400%","etihad":"6812 ||@STAN|custom.js.FlightsResultsPage.BrandedFare.MilesEarned.Miles"},"ybValues":{"codeshare":"25%","etihad":"426 ||@STAN|custom.js.FlightsResultsPage.BrandedFare.MilesEarned.Miles"},"yfValues":{"codeshare":"100%","etihad":"1703 ||@STAN|custom.js.FlightsResultsPage.BrandedFare.MilesEarned.Miles"},"ysValues":{"codeshare":"50%","etihad":"852 ||@STAN|custom.js.FlightsResultsPage.BrandedFare.MilesEarned.Miles"},"yvValues":{"codeshare":"75%","etihad":"1277 ||@STAN|custom.js.FlightsResultsPage.BrandedFare.MilesEarned.Miles"},"attributePosition":"6"},"preferredSeat":{"fiValues":"","gfValues":"","gjValues":"","gyValues":"@STAN|custom.js.FlightsResultsPage.BrandedFare.Chargeable","header":"@STAN|custom.js.FlightsResultsPage.BrandedFare.PreferredSeat","isEnabled":{"business":false,"economy":true,"first":false,"residence":false},"jbValues":"","jfValues":"","jsValues":"","trValues":"","ybValues":"@STAN|custom.js.FlightsResultsPage.BrandedFare.Chargeable","yfValues":"@STAN|custom.js.FlightsResultsPage.BrandedFare.Free","ysValues":"@STAN|custom.js.FlightsResultsPage.BrandedFare.Chargeable","yvValues":"@STAN|custom.js.FlightsResultsPage.BrandedFare.Chargeable","attributePosition":"0"},"refund":{"fiValues":{"charge":"INR 0","isRefundable":true,"refundable":"@STAN|custom.js.FlightsResultsPage.BrandedFare.RefundEligibility.Yes"},"gfValues":{"charge":"10%||@STAN|custom.js.FlightsResultsPage.BrandedFare.RedeemRefund","isRefundable":true,"refundable":"@STAN|custom.js.FlightsResultsPage.BrandedFare.RefundEligibility.Yes"},"gjValues":{"charge":"10%||@STAN|custom.js.FlightsResultsPage.BrandedFare.RedeemRefund","isRefundable":true,"refundable":"@STAN|custom.js.FlightsResultsPage.BrandedFare.RefundEligibility.Yes"},"gyValues":{"charge":"10%||@STAN|custom.js.FlightsResultsPage.BrandedFare.RedeemRefund","isRefundable":true,"refundable":"@STAN|custom.js.FlightsResultsPage.BrandedFare.RefundEligibility.Yes"},"header":"@STAN|custom.js.FlightsResultsPage.BrandedFare.RefundEligibility","isEnabled":{"business":true,"economy":true,"first":true,"residence":true},"jbValues":{"charge":"INR 12000","isRefundable":true,"refundable":"@STAN|custom.js.FlightsResultsPage.BrandedFare.RefundEligibility.Yes"},"jfValues":{"charge":"INR 0","isRefundable":true,"refundable":"@STAN|custom.js.FlightsResultsPage.BrandedFare.RefundEligibility.Yes"},"jsValues":{"charge":"INR 6000","isRefundable":true,"refundable":"@STAN|custom.js.FlightsResultsPage.BrandedFare.RefundEligibility.Yes"},"trValues":{"charge":"@STAN|custom.js.FlightsResultsPage.BrandedFare.TheResidenceValue1","isRefundable":true,"refundable":"@STAN|custom.js.FlightsResultsPage.BrandedFare.RefundEligibility.Yes"},"ybValues":{"charge":"","isRefundable":false,"refundable":"@STAN|custom.js.FlightsResultsPage.BrandedFare.RefundEligibility.No"},"yfValues":{"charge":"INR 0","isRefundable":true,"refundable":"@STAN|custom.js.FlightsResultsPage.BrandedFare.RefundEligibility.Yes"},"ysValues":{"charge":"INR 9000","isRefundable":true,"refundable":"@STAN|custom.js.FlightsResultsPage.BrandedFare.RefundEligibility.Yes"},"yvValues":{"charge":"INR 4000","isRefundable":true,"refundable":"@STAN|custom.js.FlightsResultsPage.BrandedFare.RefundEligibility.Yes"},"attributePosition":"2"},"refundNoShow":{"fiValues":{"charge":"INR 12000","isRefundable":true,"refundable":"@STAN|custom.js.FlightsResultsPage.BrandedFare.RefundNoShow.Yes"},"gfValues":{"charge":"","isRefundable":false,"refundable":"@STAN|custom.js.FlightsResultsPage.BrandedFare.RefundNoShow.No"},"gjValues":{"charge":"","isRefundable":false,"refundable":"@STAN|custom.js.FlightsResultsPage.BrandedFare.RefundNoShow.No"},"gyValues":{"charge":"","isRefundable":false,"refundable":"@STAN|custom.js.FlightsResultsPage.BrandedFare.RefundNoShow.No"},"header":"@STAN|custom.js.FlightsResultsPage.BrandedFare.RefundNoShow","isEnabled":{"business":false,"economy":false,"first":false,"residence":false},"jbValues":{"charge":"INR 25200","isRefundable":true,"refundable":"@STAN|custom.js.FlightsResultsPage.BrandedFare.RefundNoShow.Yes"},"jfValues":{"charge":"INR 12000","isRefundable":true,"refundable":"@STAN|custom.js.FlightsResultsPage.BrandedFare.RefundNoShow.Yes"},"jsValues":{"charge":"INR 12600","isRefundable":true,"refundable":"@STAN|custom.js.FlightsResultsPage.BrandedFare.RefundNoShow.Yes"},"trValues":{"charge":"","isRefundable":false,"refundable":"@STAN|custom.js.FlightsResultsPage.BrandedFare.RefundNoShow.No"},"ybValues":{"charge":"","isRefundable":false,"refundable":"@STAN|custom.js.FlightsResultsPage.BrandedFare.RefundNoShow.No"},"yfValues":{"charge":"INR 4000","isRefundable":true,"refundable":"@STAN|custom.js.FlightsResultsPage.BrandedFare.RefundNoShow.Yes"},"ysValues":{"charge":"INR 16900","isRefundable":true,"refundable":"@STAN|custom.js.FlightsResultsPage.BrandedFare.RefundNoShow.Yes"},"yvValues":{"charge":"INR 7400","isRefundable":true,"refundable":"@STAN|custom.js.FlightsResultsPage.BrandedFare.RefundNoShow.Yes"},"attributePosition":"4"},"upgrade":{"fiValues":"@STAN|custom.js.FlightsResultsPage.BrandedFare.Upgrade.No","gfValues":"@STAN|custom.js.FlightsResultsPage.BrandedFare.Upgrade.No","gjValues":"@STAN|custom.js.FlightsResultsPage.BrandedFare.Upgrade.No","gyValues":"@STAN|custom.js.FlightsResultsPage.BrandedFare.Upgrade.No","header":"@STAN|custom.js.FlightsResultsPage.BrandedFare.UpgradeEligibility","isEnabled":{"business":true,"economy":true,"first":false,"residence":false},"jbValues":"@STAN|custom.js.FlightsResultsPage.BrandedFare.Upgrade.Yes","jfValues":"@STAN|custom.js.FlightsResultsPage.BrandedFare.Upgrade.Yes","jsValues":"@STAN|custom.js.FlightsResultsPage.BrandedFare.Upgrade.Yes","trValues":"@STAN|custom.js.FlightsResultsPage.BrandedFare.Upgrade.No","ybValues":"@STAN|custom.js.FlightsResultsPage.BrandedFare.Upgrade.Yes","yfValues":"@STAN|custom.js.FlightsResultsPage.BrandedFare.Upgrade.Yes","ysValues":"@STAN|custom.js.FlightsResultsPage.BrandedFare.Upgrade.Yes","yvValues":"@STAN|custom.js.FlightsResultsPage.BrandedFare.Upgrade.Yes","attributePosition":"0"}}