{"sessionId":"b0d7b012-0d3c-4bdc-914d-a6e7d9249f69","isPanelEnabled":true,"features":{"customPanelSettings":"enabled","panelVersion":"v21","leftyApp":"disabled","useTriggerEngine":"enabled","useTriggerEngine_sandbox":"enabled","recEngine":"recommendedProducts.v1","blobStorage":"enabled","aa":"featureB.v1","apiRequestOption":"jsonToText.v1","promocodeRequest":"getpromocode.v1","getCapturedCurrency":"fromStateOrUserSource.v1","userActivation":"afterExit.v1","currentProductFromReferrer":"getCurrentProductFromReferrer.v1","panelEnabledOnTimeInterval":"enabled","sendToKafka":"sendToKafka.v1","videoInPanel":"enabled","newProductSearchEndpoint":"enabled","useCapturedProduct":"enabled","useSessionApiForInitCall":"enabled","usePanelApiForCalls":"enabled","useNewDtrcForCalls":"enabled"},"isNewSession":true}