<?xml version="1.0" encoding="Windows-1252"?><Metadata><Ms><It Ln="100" O="0" M="Utt.Debugger.Warning" T="warning: declaration of `checkExecutionStatus' does not match previous declaration at Action.c: 45&#xD;&#xA;"><P F="E:\Dropbox\Performance Testing\VuGen Script Template\Action.c" N="97" C="0" /></It><It Ln="31" O="0" M="Utt.Debugger.Warning" T="warning: missing return value&#xD;&#xA;"><P F="E:\Dropbox\Performance Testing\VuGen Script Template\Action.c" N="160" C="0" /></It><It Ln="18" O="0" M="Utt.Debugger.Info" T="No errors detected" /></Ms></Metadata>