<?xml version="1.0" encoding="utf-8"?>
<VugenScriptMetadata>
  <ScriptName>Real_Device_Template</ScriptName>
  <Protocol>Web - HTTP/HTML</Protocol>
  <ActionFiles>
    <FileEntry Name="vuser_init.c" Filter="2" />
    <FileEntry Name="Action.c" Filter="2" />
    <FileEntry Name="vuser_end.c" Filter="2" />
  </ActionFiles>
  <GeneralFiles>
    <FileEntry Name="Real_Device_Template.usr" Filter="4" />
    <FileEntry Name="default.cfg" Filter="4" />
    <FileEntry Name="default.usp" Filter="4" />
    <FileEntry Name="Real_Device_Template.prm" Filter="2" />
    <FileEntry Name="globals.h" Filter="2" />
    <FileEntry Name="Functions.inc" Filter="2" />
    <FileEntry Name="Watches.xml" Filter="2" />
    <FileEntry Name="combined_Real_Device_Template.c" Filter="2" />
    <FileEntry Name="pre_cci.c" Filter="2" />
    <FileEntry Name="Bookmarks.xml" Filter="1" />
    <FileEntry Name="Breakpoints.xml" Filter="1" />
    <FileEntry Name="CompilerLogMetadata.xml" Filter="1" />
    <FileEntry Name="logfile.log" Filter="1" />
    <FileEntry Name="mdrv.log" Filter="1" />
    <FileEntry Name="mdrv1v9.783.log" Filter="1" />
    <FileEntry Name="mdrv44E.51.log" Filter="1" />
    <FileEntry Name="mdrv7ms.739.log" Filter="1" />
    <FileEntry Name="mdrv8rv.211.log" Filter="1" />
    <FileEntry Name="mdrv9sX.821.log" Filter="1" />
    <FileEntry Name="mdrvCUQ.273.log" Filter="1" />
    <FileEntry Name="mdrveKr.87.log" Filter="1" />
    <FileEntry Name="mdrvmt0.605.log" Filter="1" />
    <FileEntry Name="mdrvv2Q.541.log" Filter="1" />
    <FileEntry Name="mdrvxBD.667.log" Filter="1" />
    <FileEntry Name="mdrvXdR.133.log" Filter="1" />
    <FileEntry Name="mdrv_cmd.txt" Filter="1" />
    <FileEntry Name="options.txt" Filter="1" />
    <FileEntry Name="output.bak" Filter="1" />
    <FileEntry Name="output.txt" Filter="1" />
    <FileEntry Name="Real_Device_Template.c.pickle" Filter="1" />
    <FileEntry Name="Real_Device_Template.ci" Filter="1" />
    <FileEntry Name="Real_Device_Template.sdf" Filter="1" />
    <FileEntry Name="ReplaySummaryReport.xml" Filter="1" />
    <FileEntry Name="ScriptUploadMetadata.xml" Filter="1" />
    <FileEntry Name="ThumbnailsCache.tmp" Filter="1" />
    <FileEntry Name="UserTasks.xml" Filter="1" />
    <FileEntry Name="result1\" Filter="1" />
  </GeneralFiles>
</VugenScriptMetadata>